	bar_names	Total	LogProb	PValue	Limited	FDR	is_cell	is_cellandlimited
1	AAAGGATAGTAGACAT	6583	-5957.47215928009	0.35956404359564	FALSE	0.426149977594833	FALSE	FALSE
2	AAAGGATTCCGTTTCG	11929	-10737.4957155265	9.99900009999e-05	TRUE	0	TRUE	TRUE
3	AAAGTCCCACCAGCCA	11644	-9204.290660435	9.99900009999e-05	TRUE	0	TRUE	TRUE
4	AAATGGAAGCCGCTTG	10156	-9582.83548581545	9.99900009999e-05	TRUE	0	TRUE	TRUE
5	AACGTCAAGACGCCCT	7706	-8356.58044226567	9.99900009999e-05	TRUE	0	TRUE	TRUE
6	AAGCGTTTCGCTATTT	6080	-5949.72289604214	9.99900009999e-05	TRUE	0.000135197747830851	TRUE	TRUE
7	AAGTGAATCGGAAGGT	10066	-9655.89796683741	9.99900009999e-05	TRUE	0	TRUE	TRUE
8	AATGACCGTGTCATCA	12276	-11400.6739312389	9.99900009999e-05	TRUE	0	TRUE	TRUE
9	ACAAAGAAGCCTCAAT	7900	-8751.06932277907	9.99900009999e-05	TRUE	0	TRUE	TRUE
10	ACGGTCGTCACTACGA	6071	-5409.52773628285	0.998900109989001	FALSE	1	FALSE	FALSE
11	ACTGTGACAACTCGAT	7439	-6145.66286684112	0.993100689931007	FALSE	1	FALSE	FALSE
12	AGAAGCGGTCTAGATC	6636	-5993.67382612803	0.319068093190681	FALSE	0.382881711828817	FALSE	FALSE
13	AGAAGCGTCTGCGTCT	7678	-6446.93336355851	0.596240375962404	FALSE	0.673400895204597	FALSE	FALSE
14	AGAGAATCACCCAACG	6705	-5712.05533178679	0.999600039996	FALSE	1	FALSE	FALSE
15	AGCATCAGTCGGTGTC	9564	-9437.43267290698	9.99900009999e-05	TRUE	0	TRUE	TRUE
16	AGGACGAAGATTAGTG	6154	-5574.67732943248	0.943205679432057	FALSE	1	FALSE	FALSE
17	AGGGTTTCAGCGTGCT	9394	-9850.1589743511	9.99900009999e-05	TRUE	0	TRUE	TRUE
18	AGGTAGGAGGAAGTAG	6382	-6241.27575505198	9.99900009999e-05	TRUE	0.000135197747830851	TRUE	TRUE
19	AGGTGTTCATTAAGCC	7640	-8853.30222894874	9.99900009999e-05	TRUE	0.000135197747830851	TRUE	TRUE
20	AGGTTACGTCTGATAC	8839	-9136.93780698784	9.99900009999e-05	TRUE	0	TRUE	TRUE
21	AGTCAACGTACACGCC	8524	-9272.72273631723	9.99900009999e-05	TRUE	0	TRUE	TRUE
22	ATACTTCGTACGACTT	10736	-10491.8476405174	9.99900009999e-05	TRUE	0	TRUE	TRUE
23	ATCACTTGTGGCTGCT	13019	-11810.2321897487	9.99900009999e-05	TRUE	0	TRUE	TRUE
24	ATCCACCGTTTGTTGG	11469	-10628.9863544211	9.99900009999e-05	TRUE	0	TRUE	TRUE
25	ATTACTCGTTGCAACT	6442	-5960.7778398519	0.1002899710029	FALSE	0.128371162883712	FALSE	FALSE
26	ATTCGTTGTAACACCT	6990	-5754.36578162801	1	FALSE	1	FALSE	FALSE
27	CACGAATTCAAGTCGT	6318	-5830.22160063538	0.306469353064694	FALSE	0.372418454357096	FALSE	FALSE
28	CAGATTGGTGACTAAA	6547	-5858.28381930225	0.721127887211279	FALSE	0.795727323819342	FALSE	FALSE
29	CATAAGCTCCGTGTGG	7933	-8920.13315855201	9.99900009999e-05	TRUE	0	TRUE	TRUE
30	CATGCCTGTTCCGCAG	9489	-10016.8793063967	9.99900009999e-05	TRUE	0	TRUE	TRUE
31	CCACACTCAGGACTTT	11768	-10337.0797882546	9.99900009999e-05	TRUE	0	TRUE	TRUE
32	CCACGAGTCTTCCTAA	9251	-9523.31518839526	9.99900009999e-05	TRUE	0	TRUE	TRUE
33	CCATCACTCTAACACG	6231	-7639.01537251686	9.99900009999e-05	TRUE	0.000135197747830851	TRUE	TRUE
34	CCCTAACCAGGTTCGC	7230	-6652.51240499358	9.99900009999e-05	TRUE	0.000135197747830851	TRUE	TRUE
35	CCCTAACGTAACTGCT	11417	-10050.1348815746	9.99900009999e-05	TRUE	0	TRUE	TRUE
36	CCGAACGAGGAACGCT	13148	-11082.2828641181	9.99900009999e-05	TRUE	0	TRUE	TRUE
37	CCGGGTACACTCCGAG	10933	-10524.1877524947	9.99900009999e-05	TRUE	0	TRUE	TRUE
38	CCTAAGAAGACTCTAC	11861	-9435.71165892273	9.99900009999e-05	TRUE	0	TRUE	TRUE
39	CCTATCGAGACAGCGT	9482	-9853.2673849489	9.99900009999e-05	TRUE	0	TRUE	TRUE
40	CCTCATGGTTTCGCTC	7070	-6335.5189528985	0.0305969403059694	FALSE	0.0402370721831926	FALSE	FALSE
41	CCTCATGTCTCTCAAT	7824	-8364.85205260586	9.99900009999e-05	TRUE	0	TRUE	TRUE
42	CCTGTTGGTGTGCCTG	9405	-9819.63520602027	9.99900009999e-05	TRUE	0	TRUE	TRUE
43	CGGACACAGGACAGCT	7910	-8483.95363168804	9.99900009999e-05	TRUE	0	TRUE	TRUE
44	CGTTAGATCATTATCC	13984	-12863.2059434036	9.99900009999e-05	TRUE	0	TRUE	TRUE
45	CTCAACCGTGGATGAC	7189	-6847.30657723294	9.99900009999e-05	TRUE	0.000135197747830851	TRUE	TRUE
46	CTCCTCCTCACCTCTG	6285	-5590.16967323584	0.986801319868013	FALSE	1	FALSE	FALSE
47	CTCCTTTTCTACACTT	6098	-5557.88140572546	0.918408159184082	FALSE	0.99064250878283	FALSE	FALSE
48	CTGCCATTCAGTGTTG	7062	-6411.44748251669	0.0021997800219978	FALSE	0.0029330400293304	TRUE	FALSE
49	CTGCGAGAGTGCACTT	8658	-8952.85557374162	9.99900009999e-05	TRUE	0	TRUE	TRUE
50	CTGCGAGCAGATTCGT	6171	-5716.97758377107	0.465753424657534	FALSE	0.538702756230401	FALSE	FALSE
51	CTGGACGCACACGGTC	6660	-7786.49765949796	9.99900009999e-05	TRUE	0.000135197747830851	TRUE	TRUE
52	CTGTGGGGTCGTGATT	9369	-9286.69329291763	9.99900009999e-05	TRUE	0	TRUE	TRUE
53	GACCCTTCAGCGTATT	9550	-9951.81521849056	9.99900009999e-05	TRUE	0	TRUE	TRUE
54	GACTATGTCCAAGGGA	6664	-6018.58421465056	0.273072692730727	FALSE	0.336089467976279	FALSE	FALSE
55	GAGACTTCAGGCTATT	8452	-9136.07887686371	9.99900009999e-05	TRUE	0	TRUE	TRUE
56	GAGTTACAGACGACGT	6079	-5678.32996541083	0.414258574142586	FALSE	0.484985647776686	FALSE	FALSE
57	GATCACACACCCTGTT	52069	-24538.4913391087	9.99900009999e-05	TRUE	0	TRUE	TRUE
58	GCAGCTGGTAAGTTAG	11095	-10437.1387281714	9.99900009999e-05	TRUE	0	TRUE	TRUE
59	GCGAGAAAGTTGTAGA	7736	-8104.23204883592	9.99900009999e-05	TRUE	0	TRUE	TRUE
60	GCTACCTCACGCACCA	8776	-9804.53675977179	9.99900009999e-05	TRUE	0	TRUE	TRUE
61	GCTTCACCAACACGAG	18874	-13922.2632332839	9.99900009999e-05	TRUE	0	TRUE	TRUE
62	GCTTTCGTCTGGGTCG	12575	-11420.058536294	9.99900009999e-05	TRUE	0	TRUE	TRUE
63	GGTGATTCAGCTCGGT	8022	-8845.30040520604	9.99900009999e-05	TRUE	0	TRUE	TRUE
64	GTAATCGCAGTTTCGA	6702	-5872.83590780445	0.915708429157084	FALSE	0.99064250878283	FALSE	FALSE
65	GTAGATCCATCCCGTT	7470	-5885.74299753188	1	FALSE	1	FALSE	FALSE
66	GTCACGGCACCGTACG	6321	-5779.70276455857	0.547645235476452	FALSE	0.625880269115946	FALSE	FALSE
67	GTCATGAAGTTTGGCT	7813	-8604.7253887095	9.99900009999e-05	TRUE	0	TRUE	TRUE
68	GTGCGTGAGCTTCTAG	10928	-10441.9269233118	9.99900009999e-05	TRUE	0	TRUE	TRUE
69	GTTACGAGTATGAGAT	9436	-8845.12028598532	9.99900009999e-05	TRUE	0	TRUE	TRUE
70	GTTGAACGTACCCGCA	11508	-10981.0443763539	9.99900009999e-05	TRUE	0	TRUE	TRUE
71	TAATTCCGTCAGTCCG	6133	-5802.82830104142	0.0868913108689131	FALSE	0.11272386274886	FALSE	FALSE
72	TAGACTGTCGCCGAGT	9996	-9987.81135937101	9.99900009999e-05	TRUE	0	TRUE	TRUE
73	TCAAGCATCCACTTTA	6792	-6138.83269548225	0.107489251074893	FALSE	0.134012572768697	FALSE	FALSE
74	TCACATTCAGAACTAA	10036	-9513.89390189547	9.99900009999e-05	TRUE	0	TRUE	TRUE
75	TCACTCGCAAAGCAAT	10659	-9920.52435388211	9.99900009999e-05	TRUE	0	TRUE	TRUE
76	TCAGTCCGTCTCTCAC	7348	-7040.46029066986	9.99900009999e-05	TRUE	0.000135197747830851	TRUE	TRUE
77	TCAGTTTAGGATATAC	9066	-8812.03669036925	9.99900009999e-05	TRUE	0	TRUE	TRUE
78	TCATATCCATGCTGCG	8972	-9988.37143627478	9.99900009999e-05	TRUE	0	TRUE	TRUE
79	TCGGGCATCTGAACGT	7945	-8713.57849658884	9.99900009999e-05	TRUE	0	TRUE	TRUE
80	TCGTAGACAATGAAAC	7704	-8149.41101554791	9.99900009999e-05	TRUE	0	TRUE	TRUE
81	TCTATACGTTATCCAG	9696	-9317.35994917896	9.99900009999e-05	TRUE	0	TRUE	TRUE
82	TCTTAGTCAACACGAG	9975	-9798.29917672327	9.99900009999e-05	TRUE	0	TRUE	TRUE
83	TGACCCTTCTCATTGT	6786	-8025.84210746884	9.99900009999e-05	TRUE	0.000135197747830851	TRUE	TRUE
84	TGAGGAGTCCATCGTC	8918	-7954.73255743957	9.99900009999e-05	TRUE	0	TRUE	TRUE
85	TGATCAGAGGATTCAA	15851	-12776.8782280712	9.99900009999e-05	TRUE	0	TRUE	TRUE
86	TGGGATTGTACGATGG	11189	-10361.5568534233	9.99900009999e-05	TRUE	0	TRUE	TRUE
87	TGGGCTGAGCGTTAGG	14858	-11624.858485801	9.99900009999e-05	TRUE	0	TRUE	TRUE
88	TGTACAGGTGGATTTC	6639	-5926.15215645151	0.632636736326367	FALSE	0.706199147527108	FALSE	FALSE
89	TGTTCATAGCTGCCTG	23740	-15296.0508718362	9.99900009999e-05	TRUE	0	TRUE	TRUE
90	TTCCTTCGTGACACGA	6506	-7878.75746058712	9.99900009999e-05	TRUE	0.000135197747830851	TRUE	TRUE
91	TTGCATTGTGCCTTCT	7045	-8073.10454993009	9.99900009999e-05	TRUE	0.000135197747830851	TRUE	TRUE
92	TTGCCTGAGAGTGACC	9019	-9632.79652527073	9.99900009999e-05	TRUE	0	TRUE	TRUE
93	TTGGGATTCAGGAAGC	9638	-9874.50372286202	9.99900009999e-05	TRUE	0	TRUE	TRUE
94	TTTATGCGTAACATAG	7870	-6471.00732141295	0.842115788421158	FALSE	0	TRUE	FALSE
95	TTTATGCGTTGATCGT	7267	-6378.78035768643	0.103789621037896	FALSE	0.131102679205764	FALSE	FALSE
96	TTTCCTCTCTCTTGCG	11280	-10365.7263352654	9.99900009999e-05	TRUE	0	TRUE	TRUE
